user_id,country,age,signup_date,subscription_type
1,Canada,33,2025-06-20,Basic
2,Japan,38,2025-06-05,Premium
3,USA,25,2024-12-25,Basic
4,USA,40,2025-11-28,Premium
5,Brazil,37,2023-04-14,Standard
6,Australia,30,2023-10-07,Standard
7,Canada,28,2023-12-29,Premium
8,USA,36,2025-12-23,Standard
9,Japan,34,2026-01-04,Standard
10,India,59,2024-04-09,Standard
11,USA,58,2024-01-29,Premium
12,UK,38,2025-08-11,Premium
13,UK,53,2023-10-22,Basic
14,Canada,47,2025-10-04,Standard
15,Brazil,19,2025-03-19,Premium
16,Germany,41,2023-11-25,Standard
17,Canada,29,2024-06-13,Basic
18,Canada,45,2023-08-28,Basic
19,Brazil,23,2025-10-21,Basic
20,Brazil,34,2024-02-06,Basic
21,Japan,53,2023-07-13,Standard
22,Japan,32,2025-08-30,Basic
23,Germany,21,2023-09-25,Basic
24,Australia,45,2024-05-29,Premium
25,UK,18,2025-12-24,Standard
26,India,58,2023-08-30,Basic
27,USA,19,2025-07-13,Premium
28,Brazil,27,2024-11-03,Standard
29,Canada,41,2025-02-06,Premium
30,Canada,47,2024-05-22,Basic
31,Japan,31,2023-03-17,Premium
32,India,42,2025-11-26,Premium
33,Brazil,44,2026-02-25,Basic
34,Japan,26,2023-08-11,Basic
35,UK,35,2024-12-27,Premium
36,Brazil,33,2026-03-09,Basic
37,Brazil,23,2025-03-14,Premium
38,Brazil,43,2025-01-11,Basic
39,USA,41,2023-05-13,Basic
40,Germany,36,2023-06-07,Standard
41,Australia,58,2024-09-04,Basic
42,USA,35,2025-12-27,Standard
43,India,37,2024-03-30,Basic
44,Germany,18,2024-04-14,Basic
45,Australia,60,2024-05-04,Premium
46,Japan,33,2023-10-24,Basic
47,India,60,2025-11-21,Standard
48,Australia,52,2024-01-02,Standard
49,Japan,32,2024-03-31,Standard
50,Canada,54,2024-08-21,Basic
51,Australia,23,2023-05-24,Basic
52,Canada,46,2025-12-17,Standard
53,Japan,42,2024-03-27,Premium
54,Germany,45,2023-05-16,Premium
55,India,24,2024-07-07,Basic
56,Australia,39,2023-08-06,Basic
57,India,48,2024-08-04,Standard
58,UK,53,2025-02-22,Basic
59,India,30,2025-06-02,Basic
60,Germany,39,2023-05-27,Standard
61,Germany,58,2023-12-17,Basic
62,Australia,56,2026-02-19,Standard
63,Canada,43,2023-04-01,Premium
64,Japan,48,2025-12-29,Basic
65,Canada,45,2023-03-23,Basic
66,USA,41,2025-07-25,Standard
67,Germany,58,2025-11-04,Basic
68,Australia,21,2025-03-11,Premium
69,Australia,18,2024-11-05,Basic
70,UK,36,2024-02-22,Standard
71,India,44,2024-12-29,Standard
72,Germany,29,2023-11-03,Standard
73,Brazil,36,2025-01-23,Basic
74,Germany,57,2026-01-22,Basic
75,Canada,38,2024-07-05,Basic
76,Canada,36,2024-12-07,Basic
77,Japan,36,2023-05-17,Standard
78,India,54,2025-04-09,Standard
79,Australia,20,2023-06-03,Standard
80,Germany,51,2024-03-29,Premium
81,Australia,21,2026-01-25,Basic
82,Germany,24,2023-09-03,Standard
83,UK,54,2023-09-23,Standard
84,Japan,25,2025-05-12,Basic
85,Japan,22,2023-07-27,Basic
86,USA,20,2024-05-14,Basic
87,Brazil,22,2024-05-03,Basic
88,India,55,2024-12-10,Basic
89,USA,44,2023-10-14,Standard
90,Germany,47,2023-04-20,Premium
91,Brazil,56,2024-07-19,Premium
92,Germany,39,2023-11-05,Standard
93,USA,29,2024-09-15,Basic
94,USA,58,2024-01-02,Basic
95,Brazil,21,2024-04-30,Standard
96,Japan,36,2024-01-31,Premium
97,Australia,28,2026-01-02,Basic
98,India,55,2024-09-03,Premium
99,USA,27,2025-05-11,Basic
100,Australia,51,2023-09-02,Basic
101,UK,27,2023-10-27,Premium
102,Germany,33,2024-12-11,Premium
103,Australia,22,2024-09-05,Standard
104,Brazil,59,2024-05-18,Premium
105,USA,44,2024-12-13,Premium
106,India,34,2023-03-17,Basic
107,Australia,30,2025-06-29,Basic
108,Canada,56,2024-10-01,Premium
109,Canada,48,2024-01-24,Standard
110,USA,41,2026-03-06,Basic
111,USA,18,2025-12-26,Premium
112,Brazil,59,2024-12-15,Premium
113,India,56,2025-04-16,Premium
114,USA,50,2023-09-30,Standard
115,Germany,41,2024-03-31,Basic
116,Australia,57,2025-10-31,Premium
117,Brazil,55,2025-03-05,Basic
118,Germany,20,2023-12-26,Basic
119,Germany,24,2026-02-01,Premium
120,Japan,19,2024-06-12,Premium
121,UK,26,2024-08-29,Basic
122,India,21,2023-05-04,Basic
123,Japan,58,2025-04-09,Basic
124,Germany,59,2025-07-06,Premium
125,Japan,19,2025-09-21,Basic
126,Japan,48,2025-01-27,Standard
127,Canada,55,2023-03-20,Premium
128,India,36,2025-09-19,Basic
129,Canada,44,2023-06-15,Premium
130,Japan,44,2024-12-30,Premium
131,Brazil,40,2024-03-11,Standard
132,Brazil,27,2024-08-01,Basic
133,UK,44,2025-02-08,Premium
134,UK,31,2023-09-16,Premium
135,USA,59,2025-01-30,Basic
136,UK,47,2023-08-30,Standard
137,Germany,56,2023-10-25,Standard
138,USA,48,2024-08-21,Standard
139,Australia,21,2023-04-05,Premium
140,Japan,27,2025-03-31,Premium
141,Brazil,47,2023-09-17,Premium
142,Japan,60,2023-10-04,Premium
143,Australia,49,2025-09-17,Standard
144,UK,26,2025-07-16,Basic
145,USA,19,2025-07-06,Basic
146,Brazil,35,2023-12-24,Basic
147,India,48,2023-09-23,Basic
148,Brazil,32,2026-02-02,Standard
149,Canada,21,2023-11-16,Standard
150,Australia,41,2025-10-03,Standard
151,Australia,35,2024-06-03,Premium
152,Australia,23,2024-11-12,Premium
153,Australia,55,2024-11-10,Basic
154,Canada,36,2025-03-04,Standard
155,Australia,35,2024-02-03,Standard
156,India,23,2023-09-21,Standard
157,Germany,28,2023-10-11,Basic
158,USA,21,2024-03-23,Basic
159,Brazil,32,2025-02-22,Basic
160,UK,59,2024-04-10,Basic
161,Japan,26,2025-01-27,Premium
162,UK,30,2023-06-03,Standard
163,Japan,48,2025-05-14,Premium
164,Canada,35,2026-01-06,Premium
165,Germany,49,2024-02-27,Basic
166,Brazil,45,2023-03-14,Basic
167,USA,19,2026-02-25,Standard
168,Brazil,45,2025-06-21,Premium
169,India,48,2023-10-30,Basic
170,Brazil,20,2024-06-10,Premium
171,India,43,2025-05-27,Standard
172,USA,44,2024-09-27,Standard
173,Australia,21,2024-02-04,Premium
174,India,44,2024-03-07,Premium
175,Germany,60,2024-11-17,Basic
176,Japan,45,2024-02-29,Premium
177,USA,35,2024-10-04,Basic
178,India,51,2024-09-05,Premium
179,Brazil,29,2024-05-14,Premium
180,India,52,2025-07-22,Premium
181,Brazil,33,2024-01-09,Basic
182,Japan,22,2026-01-12,Premium
183,USA,19,2024-06-28,Premium
184,Germany,59,2025-11-25,Premium
185,Brazil,48,2025-11-03,Standard
186,UK,50,2025-12-17,Standard
187,Brazil,53,2025-03-31,Basic
188,Brazil,19,2024-01-21,Premium
189,USA,20,2024-10-25,Standard
190,Germany,28,2023-12-07,Premium
191,USA,37,2024-03-28,Basic
192,USA,49,2023-10-27,Standard
193,UK,58,2024-12-27,Standard
194,Japan,56,2025-09-18,Premium
195,Japan,25,2025-01-30,Standard
196,Canada,21,2024-02-24,Standard
197,India,48,2024-05-06,Basic
198,Japan,36,2023-07-30,Standard
199,Brazil,31,2024-03-28,Standard
200,Brazil,46,2024-09-10,Standard
201,Canada,52,2024-01-23,Standard
202,India,34,2025-10-21,Premium
203,Australia,37,2025-10-12,Basic
204,Brazil,21,2025-06-27,Basic
205,Brazil,41,2023-11-24,Premium
206,Germany,24,2026-02-27,Basic
207,India,54,2025-05-26,Standard
208,India,41,2023-07-03,Standard
209,UK,42,2024-01-03,Standard
210,Japan,37,2023-10-01,Standard
211,India,30,2025-07-11,Standard
212,Brazil,25,2023-11-06,Premium
213,Japan,46,2025-09-06,Premium
214,India,49,2023-06-18,Standard
215,Canada,49,2023-10-12,Basic
216,Germany,31,2023-12-16,Premium
217,USA,60,2026-02-21,Basic
218,Japan,38,2025-10-08,Standard
219,Japan,44,2025-03-27,Premium
220,USA,33,2025-12-17,Standard
221,Canada,57,2024-12-27,Basic
222,India,34,2024-11-02,Basic
223,USA,34,2024-08-05,Premium
224,Australia,58,2024-11-30,Basic
225,Australia,59,2025-01-18,Standard
226,UK,27,2024-12-14,Basic
227,India,38,2025-05-09,Standard
228,UK,22,2025-03-12,Standard
229,India,28,2025-11-01,Standard
230,UK,33,2024-05-12,Premium
231,Canada,52,2024-05-18,Basic
232,Canada,60,2025-01-26,Premium
233,UK,36,2024-07-28,Basic
234,Australia,57,2023-11-18,Standard
235,USA,51,2024-11-07,Standard
236,Japan,37,2024-09-13,Premium
237,Japan,41,2024-05-27,Premium
238,Canada,30,2023-07-13,Standard
239,Brazil,44,2025-06-01,Standard
240,Brazil,57,2024-10-30,Basic
241,Germany,29,2025-06-02,Basic
242,Germany,42,2026-03-05,Basic
243,India,28,2025-04-28,Standard
244,India,33,2026-03-05,Premium
245,USA,56,2026-02-10,Standard
246,Australia,21,2024-01-19,Premium
247,Germany,37,2025-08-26,Standard
248,Japan,25,2024-07-14,Premium
249,USA,18,2023-08-24,Standard
250,India,23,2023-11-16,Standard
251,Brazil,31,2023-12-03,Premium
252,Germany,49,2023-10-28,Basic
253,USA,46,2024-05-17,Premium
254,Australia,34,2025-01-15,Basic
255,Germany,51,2024-09-04,Premium
256,Japan,31,2025-07-02,Basic
257,Brazil,35,2025-12-31,Standard
258,Canada,55,2025-10-22,Basic
259,Brazil,47,2025-05-26,Premium
260,Japan,45,2023-06-08,Standard
261,Brazil,31,2024-11-30,Standard
262,Australia,44,2024-03-28,Premium
263,Australia,55,2026-03-07,Basic
264,UK,43,2023-09-20,Premium
265,Germany,59,2024-05-08,Basic
266,Brazil,40,2024-06-01,Basic
267,India,44,2023-12-06,Basic
268,USA,36,2026-01-17,Premium
269,Germany,48,2026-03-08,Standard
270,Germany,41,2024-10-03,Premium
271,Australia,25,2023-11-08,Basic
272,UK,38,2025-03-27,Standard
273,Australia,39,2023-06-23,Standard
274,India,56,2025-07-12,Premium
275,Brazil,46,2023-07-07,Standard
276,India,59,2025-02-16,Standard
277,UK,32,2025-11-06,Premium
278,Brazil,24,2024-07-06,Premium
279,Canada,52,2024-12-22,Premium
280,India,31,2025-11-29,Standard
281,Japan,48,2025-04-20,Basic
282,Australia,30,2024-09-29,Standard
283,USA,58,2025-05-08,Premium
284,Canada,40,2025-05-03,Premium
285,Australia,46,2024-12-19,Premium
286,UK,41,2024-01-19,Standard
287,Australia,22,2023-08-03,Standard
288,Brazil,44,2025-07-12,Premium
289,Canada,44,2023-10-14,Standard
290,UK,50,2025-06-02,Standard
291,India,18,2026-01-06,Basic
292,India,48,2024-09-16,Basic
293,India,51,2025-02-16,Standard
294,UK,18,2023-10-30,Standard
295,Brazil,46,2024-12-13,Basic
296,Germany,46,2025-08-16,Basic
297,Japan,42,2025-04-27,Premium
298,UK,39,2024-03-30,Basic
299,UK,57,2025-09-11,Premium
300,Australia,45,2023-03-19,Premium
301,India,39,2025-10-18,Premium
302,UK,50,2025-02-04,Basic
303,USA,29,2024-03-06,Standard
304,Canada,32,2023-05-28,Basic
305,Canada,30,2025-03-04,Standard
306,Canada,25,2023-09-14,Basic
307,Australia,36,2025-08-16,Standard
308,Australia,23,2025-12-27,Premium
309,UK,56,2025-11-12,Basic
310,Australia,58,2023-06-01,Premium
311,Germany,57,2023-07-16,Premium
312,UK,54,2025-05-12,Standard
313,UK,33,2023-10-24,Standard
314,Germany,44,2025-03-04,Standard
315,Australia,19,2025-06-11,Premium
316,Canada,40,2025-01-17,Standard
317,UK,36,2024-09-27,Basic
318,Germany,33,2023-12-20,Basic
319,India,32,2025-06-17,Standard
320,Canada,60,2024-10-06,Basic
321,Australia,43,2024-09-07,Basic
322,Japan,55,2024-05-22,Basic
323,India,44,2024-08-31,Premium
324,Brazil,57,2025-12-10,Standard
325,UK,40,2026-02-17,Standard
326,Japan,46,2024-02-02,Standard
327,USA,36,2024-04-28,Basic
328,UK,45,2023-04-23,Premium
329,Australia,36,2023-06-20,Basic
330,Germany,44,2025-05-27,Premium
331,USA,31,2024-10-02,Basic
332,Brazil,56,2025-05-09,Premium
333,India,44,2023-08-16,Basic
334,India,30,2023-12-27,Standard
335,USA,23,2023-12-19,Premium
336,Germany,54,2023-11-27,Premium
337,Canada,54,2023-07-12,Premium
338,Brazil,47,2024-10-15,Basic
339,Germany,26,2025-07-29,Standard
340,Australia,48,2023-10-14,Standard
341,India,53,2023-12-03,Standard
342,USA,25,2026-03-03,Premium
343,Australia,32,2024-02-12,Standard
344,Japan,44,2023-06-05,Standard
345,Japan,24,2025-01-17,Standard
346,USA,41,2025-01-27,Premium
347,UK,45,2025-04-04,Standard
348,India,52,2025-08-19,Basic
349,India,26,2025-06-30,Basic
350,Brazil,45,2023-03-15,Standard
351,Germany,57,2023-09-11,Standard
352,Japan,60,2024-03-16,Basic
353,Australia,20,2024-06-27,Standard
354,Brazil,50,2026-01-25,Premium
355,Germany,41,2025-11-02,Premium
356,Germany,36,2025-11-17,Standard
357,Canada,19,2025-08-03,Standard
358,UK,59,2025-10-14,Premium
359,Australia,19,2023-03-26,Premium
360,Brazil,46,2023-07-16,Premium
361,Germany,49,2025-12-11,Basic
362,Australia,60,2025-05-19,Premium
363,Australia,20,2025-01-08,Premium
364,Japan,19,2023-12-26,Standard
365,Canada,51,2024-04-17,Basic
366,UK,20,2024-07-12,Standard
367,Japan,43,2023-09-27,Standard
368,Germany,46,2025-11-09,Premium
369,Japan,45,2024-09-10,Standard
370,Japan,53,2024-05-03,Standard
371,Australia,46,2025-04-23,Basic
372,USA,38,2025-03-31,Standard
373,USA,49,2025-10-16,Standard
374,Brazil,22,2024-05-11,Standard
375,Japan,20,2025-08-17,Standard
376,Germany,58,2023-10-21,Premium
377,Brazil,60,2025-11-13,Basic
378,Australia,47,2025-09-25,Standard
379,Canada,33,2024-09-01,Standard
380,Germany,54,2024-10-16,Basic
381,Germany,37,2024-06-20,Basic
382,Japan,53,2024-10-31,Standard
383,Germany,46,2024-10-08,Standard
384,UK,46,2023-11-30,Premium
385,Brazil,46,2024-10-21,Premium
386,Germany,52,2025-12-23,Basic
387,Germany,29,2025-01-18,Premium
388,Canada,34,2025-06-11,Standard
389,USA,34,2025-04-26,Basic
390,Brazil,20,2023-11-10,Basic
391,Canada,57,2023-06-17,Standard
392,Germany,22,2025-02-21,Basic
393,Japan,51,2024-02-02,Basic
394,Japan,45,2024-11-20,Premium
395,Canada,39,2025-10-29,Basic
396,Brazil,51,2026-02-18,Premium
397,Canada,46,2025-12-03,Standard
398,USA,35,2025-04-02,Standard
399,Brazil,27,2024-05-07,Standard
400,Australia,41,2025-04-09,Premium
401,UK,19,2026-02-03,Basic
402,India,26,2024-02-08,Basic
403,Canada,44,2024-11-03,Basic
404,Germany,39,2023-06-24,Standard
405,India,54,2024-02-26,Standard
406,UK,54,2024-11-17,Basic
407,Japan,36,2023-11-20,Premium
408,Australia,29,2024-12-29,Premium
409,Australia,40,2023-12-24,Premium
410,UK,40,2024-05-15,Premium
411,Australia,51,2025-08-03,Basic
412,Japan,37,2024-01-31,Basic
413,Germany,21,2023-11-30,Premium
414,Canada,54,2023-10-17,Basic
415,USA,33,2026-02-14,Premium
416,Germany,29,2025-06-18,Standard
417,Japan,32,2025-09-04,Premium
418,UK,20,2024-10-20,Standard
419,USA,23,2023-03-17,Premium
420,Canada,26,2025-05-19,Basic
421,Brazil,57,2023-09-08,Basic
422,India,41,2024-03-16,Premium
423,UK,21,2024-07-28,Standard
424,UK,29,2024-11-27,Premium
425,Germany,57,2024-04-01,Standard
426,Canada,22,2025-03-31,Standard
427,USA,19,2023-09-28,Basic
428,Canada,40,2025-04-27,Premium
429,UK,40,2024-09-26,Basic
430,India,43,2025-10-12,Basic
431,Brazil,53,2024-03-19,Premium
432,India,57,2025-05-10,Premium
433,UK,45,2025-09-26,Standard
434,Brazil,29,2024-07-15,Standard
435,India,19,2023-05-21,Premium
436,Germany,59,2024-02-02,Premium
437,Brazil,42,2024-03-14,Premium
438,India,55,2025-06-18,Premium
439,India,29,2024-12-10,Basic
440,Japan,55,2024-12-09,Premium
441,Germany,35,2024-03-15,Premium
442,India,55,2025-12-22,Premium
443,USA,40,2025-07-31,Basic
444,USA,39,2025-02-17,Premium
445,Australia,42,2023-11-11,Standard
446,Australia,39,2023-12-25,Premium
447,USA,39,2025-05-12,Standard
448,Australia,51,2024-06-17,Standard
449,USA,50,2025-10-06,Basic
450,USA,23,2023-07-25,Premium
451,Germany,39,2023-04-06,Standard
452,Japan,57,2024-06-26,Premium
453,Brazil,46,2024-05-25,Standard
454,Germany,25,2025-09-24,Basic
455,Australia,45,2023-12-22,Premium
456,India,49,2024-04-30,Premium
457,Germany,27,2024-11-05,Premium
458,Japan,60,2025-08-21,Basic
459,USA,36,2024-11-25,Premium
460,Canada,22,2024-12-27,Premium
461,Australia,50,2023-06-07,Standard
462,UK,53,2024-07-16,Premium
463,Germany,34,2025-11-29,Basic
464,Japan,35,2023-08-17,Premium
465,Brazil,25,2025-05-17,Basic
466,UK,34,2025-02-28,Basic
467,Japan,25,2024-11-09,Premium
468,Germany,48,2023-03-22,Premium
469,Germany,47,2025-10-22,Standard
470,Brazil,49,2025-09-01,Basic
471,Canada,46,2024-11-04,Standard
472,Canada,49,2023-06-15,Standard
473,Germany,21,2026-02-14,Premium
474,USA,41,2025-01-12,Premium
475,India,56,2024-04-27,Standard
476,India,52,2025-06-10,Standard
477,USA,31,2024-05-02,Standard
478,USA,28,2024-09-07,Standard
479,Brazil,48,2025-05-04,Standard
480,Australia,21,2025-05-20,Premium
481,Canada,56,2023-09-02,Premium
482,UK,51,2024-09-23,Basic
483,India,35,2024-11-17,Basic
484,Germany,34,2025-08-18,Basic
485,Brazil,33,2024-02-17,Basic
486,USA,52,2024-02-23,Premium
487,Australia,21,2025-09-30,Basic
488,India,44,2023-08-25,Basic
489,USA,25,2026-02-26,Basic
490,Germany,52,2024-06-25,Basic
491,India,60,2025-11-21,Premium
492,Japan,27,2026-03-01,Premium
493,Canada,37,2024-06-25,Basic
494,Brazil,60,2024-07-13,Basic
495,UK,56,2023-11-27,Premium
496,USA,60,2024-08-22,Basic
497,Canada,51,2025-02-14,Premium
498,Germany,42,2023-09-13,Basic
499,Brazil,18,2023-07-07,Premium
500,India,47,2023-04-16,Basic
501,Canada,45,2023-10-25,Standard
502,Germany,46,2023-05-31,Basic
503,Canada,24,2025-02-21,Basic
504,Japan,33,2025-03-02,Premium
505,USA,47,2025-06-23,Premium
506,Australia,35,2024-11-24,Basic
507,Japan,53,2024-08-02,Premium
508,USA,43,2025-02-10,Premium
509,Brazil,24,2024-12-15,Basic
510,India,49,2023-12-22,Premium
511,Australia,54,2023-05-11,Premium
512,India,20,2025-07-21,Premium
513,Canada,28,2024-07-31,Basic
514,USA,21,2023-08-05,Premium
515,Canada,45,2026-02-28,Basic
516,Canada,52,2024-09-21,Premium
517,Canada,19,2025-08-05,Premium
518,Brazil,37,2024-06-16,Premium
519,USA,19,2025-06-15,Premium
520,USA,25,2023-07-22,Standard
521,India,48,2023-09-13,Basic
522,Brazil,51,2023-04-25,Standard
523,USA,46,2023-08-02,Premium
524,Canada,21,2024-12-22,Basic
525,India,46,2025-10-31,Premium
526,USA,58,2023-04-03,Basic
527,Japan,52,2025-11-06,Basic
528,Germany,25,2026-01-14,Basic
529,UK,31,2023-09-24,Basic
530,Japan,28,2025-11-18,Standard
531,USA,53,2023-12-28,Basic
532,Japan,31,2024-11-23,Standard
533,UK,29,2023-09-21,Standard
534,Australia,26,2024-06-24,Basic
535,Brazil,18,2023-12-22,Basic
536,Japan,53,2024-09-03,Premium
537,Australia,33,2026-01-09,Premium
538,India,41,2025-12-03,Standard
539,USA,25,2025-08-10,Basic
540,UK,44,2025-05-21,Basic
541,Canada,34,2025-11-05,Basic
542,Brazil,42,2024-10-18,Premium
543,Australia,36,2024-03-08,Standard
544,USA,39,2024-09-01,Basic
545,Japan,33,2025-09-05,Standard
546,Brazil,37,2024-11-07,Premium
547,Brazil,34,2024-01-13,Basic
548,India,49,2023-05-25,Basic
549,Canada,46,2023-08-31,Premium
550,USA,33,2024-10-18,Standard
551,UK,55,2025-12-20,Basic
552,Germany,28,2025-10-04,Basic
553,Canada,20,2023-06-07,Premium
554,Canada,55,2024-11-12,Premium
555,UK,21,2024-08-27,Premium
556,Japan,51,2023-03-19,Premium
557,UK,23,2024-08-01,Standard
558,India,46,2024-01-16,Basic
559,Canada,45,2025-10-30,Basic
560,Australia,53,2024-06-18,Standard
561,UK,56,2023-05-07,Basic
562,Japan,27,2026-01-31,Standard
563,Japan,46,2024-12-10,Basic
564,India,22,2023-10-19,Premium
565,Canada,27,2023-10-01,Standard
566,Canada,50,2023-04-29,Premium
567,Australia,21,2026-02-16,Standard
568,UK,40,2023-08-15,Basic
569,Brazil,40,2024-03-09,Basic
570,Germany,49,2025-11-04,Basic
571,USA,38,2023-11-08,Basic
572,Germany,54,2025-10-19,Basic
573,Japan,34,2023-12-03,Standard
574,Brazil,40,2023-04-25,Standard
575,Germany,36,2026-02-06,Standard
576,USA,18,2023-08-17,Basic
577,UK,60,2023-06-25,Basic
578,Japan,51,2024-04-24,Premium
579,India,52,2025-09-03,Basic
580,Japan,28,2023-08-06,Standard
581,Australia,24,2025-02-24,Premium
582,USA,30,2024-01-27,Premium
583,India,38,2023-06-30,Standard
584,Brazil,35,2023-04-04,Premium
585,Japan,20,2026-01-17,Standard
586,Brazil,59,2024-12-03,Premium
587,Germany,23,2023-03-25,Premium
588,Brazil,37,2023-05-02,Basic
589,Canada,44,2024-02-23,Basic
590,UK,33,2024-02-04,Premium
591,Brazil,52,2026-02-28,Standard
592,Brazil,44,2026-02-13,Standard
593,UK,20,2025-05-24,Standard
594,Canada,24,2023-07-13,Basic
595,India,20,2026-01-13,Basic
596,Brazil,43,2025-10-25,Standard
597,UK,60,2023-05-09,Standard
598,Germany,41,2024-10-14,Premium
599,Japan,44,2023-04-16,Basic
600,Brazil,51,2023-06-23,Standard
601,India,25,2024-04-27,Premium
602,India,48,2023-08-14,Standard
603,Germany,54,2023-06-02,Premium
604,UK,21,2023-08-19,Standard
605,Germany,43,2024-06-28,Basic
606,Brazil,29,2024-02-18,Premium
607,Brazil,36,2023-09-22,Standard
608,Germany,28,2024-09-25,Premium
609,India,57,2025-10-23,Standard
610,USA,18,2024-09-24,Standard
611,India,18,2024-07-02,Standard
612,UK,59,2023-04-20,Standard
613,Germany,24,2026-01-17,Basic
614,Australia,59,2025-09-20,Standard
615,Japan,28,2026-01-24,Standard
616,UK,45,2025-10-18,Premium
617,USA,37,2025-10-10,Standard
618,Japan,34,2023-12-05,Standard
619,USA,56,2025-01-15,Basic
620,Australia,23,2025-07-23,Basic
621,Canada,43,2024-04-29,Basic
622,India,44,2024-03-27,Premium
623,Germany,41,2024-01-25,Standard
624,USA,23,2023-12-01,Standard
625,Brazil,59,2023-12-14,Basic
626,Germany,26,2025-05-29,Basic
627,Australia,23,2026-03-02,Premium
628,Canada,41,2023-07-28,Basic
629,Germany,29,2025-01-14,Standard
630,USA,32,2025-03-17,Basic
631,Japan,27,2025-12-12,Standard
632,Japan,32,2023-07-17,Standard
633,Germany,28,2024-08-03,Standard
634,UK,38,2026-01-15,Standard
635,USA,28,2024-03-06,Basic
636,Canada,32,2023-07-21,Standard
637,UK,18,2025-04-12,Premium
638,Brazil,33,2023-08-20,Premium
639,Germany,32,2024-02-06,Standard
640,Canada,30,2025-12-04,Premium
641,Germany,46,2025-05-10,Basic
642,Germany,37,2024-04-30,Premium
643,UK,25,2023-06-19,Standard
644,Brazil,50,2024-12-25,Standard
645,USA,60,2023-10-09,Basic
646,USA,20,2025-04-07,Standard
647,Japan,42,2025-08-09,Basic
648,Australia,51,2024-05-09,Premium
649,Japan,27,2023-12-10,Standard
650,Germany,21,2026-02-07,Premium
651,UK,24,2024-12-29,Premium
652,Germany,20,2024-07-05,Standard
653,Germany,27,2025-07-04,Standard
654,Japan,28,2025-09-01,Standard
655,USA,22,2023-05-15,Premium
656,Australia,54,2024-05-03,Standard
657,Japan,58,2023-12-24,Premium
658,Brazil,35,2024-08-05,Basic
659,Brazil,41,2024-11-21,Basic
660,India,47,2024-11-18,Premium
661,Canada,53,2025-03-05,Basic
662,Japan,37,2025-04-25,Premium
663,India,18,2023-07-30,Basic
664,Japan,23,2025-11-05,Standard
665,Japan,38,2023-06-10,Premium
666,India,29,2025-11-06,Standard
667,Japan,29,2024-05-31,Basic
668,Japan,48,2023-08-22,Standard
669,India,50,2023-10-11,Standard
670,Germany,30,2025-09-25,Basic
671,Brazil,19,2026-02-22,Premium
672,USA,56,2026-02-21,Standard
673,Japan,37,2025-05-31,Basic
674,Brazil,43,2026-01-25,Basic
675,Germany,39,2023-07-08,Basic
676,Australia,55,2024-07-14,Standard
677,Australia,21,2024-02-05,Premium
678,Australia,33,2023-06-07,Standard
679,Germany,43,2025-09-27,Basic
680,Canada,50,2025-09-20,Premium
681,Japan,28,2025-10-21,Premium
682,India,34,2024-10-18,Premium
683,Japan,33,2023-05-25,Basic
684,Australia,48,2024-03-01,Standard
685,Brazil,18,2025-09-15,Standard
686,Brazil,29,2025-03-16,Basic
687,UK,48,2024-02-11,Basic
688,Australia,50,2024-10-21,Standard
689,UK,24,2025-05-09,Premium
690,USA,57,2024-07-26,Basic
691,Australia,31,2024-06-21,Premium
692,Brazil,30,2025-03-08,Standard
693,Germany,60,2025-09-05,Standard
694,USA,38,2025-01-30,Premium
695,Germany,59,2025-02-21,Basic
696,UK,33,2023-10-25,Basic
697,Japan,20,2024-11-17,Premium
698,Canada,28,2025-07-28,Premium
699,USA,44,2023-06-18,Standard
700,Canada,38,2023-06-01,Standard
701,India,25,2023-06-13,Premium
702,Brazil,54,2025-12-30,Standard
703,Germany,58,2024-01-16,Premium
704,Canada,59,2025-06-16,Standard
705,Germany,39,2025-04-04,Premium
706,USA,40,2024-06-26,Basic
707,UK,57,2025-12-16,Basic
708,USA,52,2024-10-29,Basic
709,Germany,37,2024-03-26,Standard
710,Japan,31,2024-11-22,Basic
711,Australia,44,2026-02-19,Premium
712,Germany,40,2024-02-07,Premium
713,Japan,18,2024-02-25,Standard
714,Germany,37,2023-10-06,Standard
715,Brazil,44,2024-01-01,Premium
716,USA,48,2025-11-03,Standard
717,Germany,35,2025-05-13,Basic
718,USA,42,2024-08-22,Premium
719,Germany,36,2024-12-07,Basic
720,Australia,24,2024-07-22,Basic
721,Australia,56,2024-09-22,Premium
722,India,43,2024-09-13,Standard
723,UK,41,2023-07-21,Basic
724,Germany,44,2025-07-19,Basic
725,India,28,2025-09-28,Basic
726,Brazil,41,2024-03-19,Premium
727,Germany,33,2025-03-06,Premium
728,India,59,2025-12-27,Premium
729,USA,33,2023-10-11,Standard
730,USA,39,2023-12-31,Standard
731,Japan,20,2023-03-25,Standard
732,Brazil,25,2025-12-18,Standard
733,Brazil,43,2023-05-15,Premium
734,Brazil,45,2025-01-10,Basic
735,UK,35,2025-07-02,Basic
736,UK,48,2023-08-18,Premium
737,UK,51,2025-02-22,Standard
738,Brazil,49,2023-04-13,Standard
739,USA,38,2023-04-26,Standard
740,Canada,21,2024-09-18,Standard
741,Germany,58,2023-05-19,Standard
742,UK,20,2025-06-30,Premium
743,Australia,18,2023-03-15,Basic
744,USA,45,2025-02-20,Basic
745,Japan,31,2023-05-27,Premium
746,Australia,57,2023-06-12,Premium
747,Canada,50,2025-09-16,Standard
748,UK,44,2025-09-01,Standard
749,Canada,28,2025-05-10,Basic
750,Brazil,20,2024-01-05,Standard
751,Germany,41,2023-12-27,Premium
752,Canada,32,2024-09-11,Basic
753,Japan,46,2024-06-14,Standard
754,Japan,34,2026-03-08,Premium
755,Germany,26,2025-12-08,Standard
756,Germany,29,2024-04-22,Standard
757,USA,58,2025-09-29,Premium
758,Germany,52,2026-01-27,Standard
759,Brazil,59,2024-06-13,Standard
760,Australia,29,2023-11-11,Standard
761,Germany,44,2023-09-06,Standard
762,UK,21,2025-06-01,Premium
763,UK,58,2024-04-18,Basic
764,Canada,38,2024-11-05,Standard
765,Canada,51,2023-07-11,Premium
766,UK,55,2024-01-06,Premium
767,UK,36,2025-03-10,Standard
768,Germany,34,2023-09-26,Basic
769,Australia,30,2023-06-23,Standard
770,Australia,54,2024-04-16,Basic
771,UK,41,2026-01-08,Standard
772,Canada,58,2023-04-23,Basic
773,Japan,43,2024-09-03,Standard
774,Germany,45,2024-11-19,Standard
775,UK,53,2024-08-19,Basic
776,Brazil,29,2025-08-19,Standard
777,Australia,48,2023-04-12,Standard
778,Canada,39,2024-10-11,Basic
779,Brazil,23,2025-03-04,Standard
780,USA,27,2024-04-02,Premium
781,UK,27,2023-08-02,Standard
782,Canada,42,2023-05-08,Premium
783,Germany,47,2024-04-01,Standard
784,Canada,50,2023-10-01,Standard
785,UK,60,2024-11-22,Premium
786,Brazil,35,2025-01-26,Basic
787,Japan,29,2024-06-26,Basic
788,Canada,34,2025-02-08,Premium
789,USA,46,2023-08-12,Premium
790,Canada,39,2025-09-25,Standard
791,UK,57,2023-07-10,Basic
792,Germany,41,2025-11-05,Basic
793,USA,45,2025-07-08,Basic
794,Brazil,24,2023-07-18,Standard
795,USA,43,2025-12-28,Standard
796,Brazil,51,2024-02-23,Premium
797,India,57,2025-11-01,Basic
798,USA,29,2025-01-07,Premium
799,USA,21,2025-03-10,Standard
800,Japan,45,2023-08-09,Basic
801,Brazil,29,2025-03-12,Premium
802,Germany,40,2023-10-30,Premium
803,Brazil,19,2025-11-11,Premium
804,UK,28,2025-03-25,Standard
805,Brazil,47,2026-02-13,Premium
806,Japan,31,2024-09-05,Premium
807,India,30,2025-08-24,Premium
808,Australia,36,2025-11-14,Premium
809,Japan,45,2025-02-21,Standard
810,Germany,19,2024-11-12,Standard
811,Germany,23,2023-04-15,Basic
812,Australia,47,2023-08-13,Premium
813,Canada,52,2024-05-16,Basic
814,USA,54,2026-01-02,Premium
815,Brazil,53,2023-07-07,Basic
816,Germany,42,2023-04-07,Premium
817,UK,54,2023-07-14,Standard
818,Canada,19,2023-09-08,Basic
819,Canada,35,2024-02-01,Premium
820,Australia,38,2025-03-29,Premium
821,USA,55,2024-04-20,Premium
822,UK,19,2024-08-29,Basic
823,Germany,50,2025-11-13,Premium
824,USA,47,2025-11-26,Standard
825,India,38,2025-07-02,Premium
826,Germany,60,2023-03-11,Premium
827,UK,39,2024-10-06,Basic
828,Germany,38,2025-03-11,Premium
829,Canada,60,2025-11-07,Standard
830,UK,37,2023-12-21,Standard
831,Germany,53,2025-02-02,Premium
832,India,29,2024-03-19,Standard
833,USA,24,2025-03-28,Standard
834,India,38,2025-06-11,Premium
835,UK,38,2024-03-15,Standard
836,Brazil,20,2025-08-16,Standard
837,Canada,51,2025-05-01,Basic
838,Australia,27,2024-11-21,Basic
839,Germany,41,2023-12-25,Premium
840,Australia,37,2024-03-07,Basic
841,Canada,36,2023-09-16,Premium
842,Canada,24,2025-11-11,Basic
843,USA,24,2023-08-05,Basic
844,Brazil,18,2025-02-07,Basic
845,Canada,50,2023-12-27,Standard
846,Canada,39,2025-10-31,Standard
847,Brazil,38,2024-11-18,Basic
848,Brazil,34,2023-05-31,Basic
849,Japan,33,2023-08-22,Premium
850,Canada,32,2026-02-07,Basic
851,Australia,59,2023-11-11,Basic
852,Canada,51,2024-03-14,Premium
853,Germany,24,2024-09-12,Premium
854,USA,31,2023-09-13,Premium
855,Japan,29,2024-04-19,Basic
856,Australia,60,2026-01-25,Standard
857,Brazil,54,2025-12-26,Basic
858,Japan,30,2025-06-23,Basic
859,Canada,56,2024-07-20,Basic
860,Canada,47,2026-01-27,Premium
861,India,48,2025-05-27,Basic
862,India,38,2025-06-15,Basic
863,Australia,34,2024-01-15,Standard
864,USA,28,2023-05-29,Basic
865,UK,57,2025-11-30,Premium
866,India,37,2023-06-16,Basic
867,Australia,46,2024-05-19,Basic
868,Canada,38,2024-08-05,Premium
869,India,49,2025-11-07,Standard
870,Canada,59,2024-02-04,Premium
871,Japan,20,2024-11-21,Standard
872,Germany,24,2024-02-29,Standard
873,Canada,48,2023-08-22,Premium
874,India,25,2025-04-20,Basic
875,Japan,45,2025-08-11,Premium
876,USA,19,2025-03-07,Premium
877,Germany,59,2023-11-14,Basic
878,UK,39,2023-09-14,Premium
879,Brazil,22,2025-04-08,Standard
880,Brazil,59,2025-03-23,Basic
881,Japan,18,2023-03-18,Standard
882,Brazil,36,2023-04-10,Premium
883,Brazil,21,2024-07-23,Standard
884,UK,56,2024-05-26,Basic
885,USA,46,2023-05-28,Standard
886,Germany,34,2024-11-16,Premium
887,Japan,49,2024-01-23,Premium
888,Canada,20,2025-12-10,Basic
889,Canada,30,2023-07-18,Premium
890,UK,51,2023-03-11,Premium
891,India,40,2023-08-24,Standard
892,USA,60,2023-06-22,Standard
893,Japan,51,2024-01-23,Standard
894,UK,60,2024-10-18,Basic
895,Brazil,30,2025-02-16,Standard
896,Japan,56,2024-04-14,Basic
897,Germany,48,2023-09-27,Basic
898,Canada,53,2024-04-15,Standard
899,UK,40,2024-04-17,Basic
900,Brazil,53,2023-11-02,Basic
901,Brazil,29,2023-08-06,Basic
902,Japan,31,2024-08-04,Standard
903,Japan,34,2023-08-30,Standard
904,India,24,2023-04-01,Premium
905,Germany,34,2023-06-28,Standard
906,Australia,18,2025-05-05,Basic
907,Australia,46,2024-11-02,Premium
908,Japan,48,2025-07-19,Basic
909,India,44,2024-02-19,Standard
910,UK,59,2023-10-29,Premium
911,Germany,47,2023-08-23,Premium
912,UK,25,2023-06-03,Basic
913,Brazil,34,2025-11-01,Basic
914,Germany,37,2026-03-02,Standard
915,Germany,25,2023-04-15,Standard
916,USA,18,2023-04-14,Basic
917,Canada,57,2023-11-28,Standard
918,Canada,25,2024-08-02,Premium
919,Germany,40,2024-11-22,Standard
920,Germany,60,2023-11-24,Premium
921,Canada,21,2025-03-12,Premium
922,Canada,29,2024-12-20,Standard
923,UK,44,2023-12-26,Premium
924,Canada,49,2024-09-29,Premium
925,India,33,2023-12-04,Premium
926,Canada,55,2025-06-06,Basic
927,India,32,2025-05-20,Standard
928,Brazil,18,2024-11-05,Premium
929,UK,58,2025-01-05,Standard
930,Australia,32,2024-10-14,Premium
931,Brazil,46,2025-10-04,Standard
932,Brazil,45,2025-06-26,Basic
933,Australia,38,2026-01-05,Basic
934,Canada,21,2024-04-26,Standard
935,Australia,30,2025-07-04,Standard
936,Canada,23,2026-01-22,Premium
937,Brazil,54,2025-08-14,Premium
938,Australia,32,2025-06-28,Premium
939,Japan,49,2023-12-07,Premium
940,Australia,25,2026-01-24,Premium
941,Australia,54,2024-01-29,Basic
942,Australia,46,2023-10-05,Standard
943,Germany,32,2023-04-22,Premium
944,Germany,57,2025-04-23,Standard
945,Canada,55,2025-04-16,Standard
946,Canada,31,2025-12-04,Premium
947,Canada,29,2025-06-07,Standard
948,India,58,2024-05-25,Standard
949,Canada,49,2023-09-17,Basic
950,Canada,60,2024-01-15,Premium
951,Canada,25,2025-07-13,Basic
952,Brazil,42,2023-11-26,Standard
953,Brazil,58,2023-10-30,Standard
954,Germany,20,2026-02-06,Standard
955,UK,35,2024-05-23,Standard
956,Brazil,42,2024-04-27,Premium
957,Australia,59,2023-08-09,Basic
958,Canada,56,2023-09-28,Basic
959,Germany,60,2024-02-02,Premium
960,India,41,2024-08-13,Basic
961,Brazil,36,2025-04-30,Premium
962,Germany,42,2025-11-29,Basic
963,UK,27,2024-01-18,Standard
964,Australia,45,2025-02-07,Basic
965,Germany,27,2024-12-24,Standard
966,Japan,23,2025-05-21,Premium
967,Canada,33,2025-07-04,Basic
968,Canada,22,2025-08-21,Premium
969,Brazil,43,2025-11-30,Premium
970,USA,20,2026-03-03,Premium
971,Australia,29,2023-09-25,Premium
972,USA,42,2023-07-22,Standard
973,USA,53,2024-05-07,Premium
974,India,46,2024-05-20,Basic
975,Canada,30,2024-07-23,Standard
976,Japan,56,2024-11-16,Standard
977,Canada,50,2023-11-09,Premium
978,Japan,30,2024-08-13,Basic
979,Japan,36,2024-05-20,Basic
980,Australia,55,2024-04-17,Standard
981,Canada,29,2023-05-22,Standard
982,Japan,37,2023-11-22,Basic
983,Australia,53,2023-09-13,Basic
984,Japan,48,2023-11-09,Basic
985,Japan,56,2025-03-09,Standard
986,Brazil,27,2024-03-27,Standard
987,UK,36,2025-11-21,Premium
988,Germany,45,2023-04-09,Premium
989,Australia,25,2024-09-18,Premium
990,Brazil,27,2024-02-11,Premium
991,Brazil,56,2023-04-06,Basic
992,Brazil,50,2023-07-27,Standard
993,USA,40,2025-02-20,Standard
994,Canada,54,2025-12-29,Basic
995,Brazil,32,2023-10-01,Basic
996,USA,52,2025-11-20,Premium
997,Germany,58,2026-02-20,Standard
998,Brazil,57,2024-02-12,Basic
999,UK,26,2024-08-21,Standard
1000,Canada,24,2024-03-08,Standard
1001,Japan,57,2024-11-29,Premium
1002,UK,22,2023-05-08,Basic
1003,UK,34,2024-10-22,Basic
1004,India,56,2023-05-06,Standard
1005,Australia,45,2024-06-17,Premium
1006,India,29,2023-05-28,Premium
1007,Japan,27,2023-09-03,Basic
1008,India,24,2023-05-17,Standard
1009,USA,40,2025-10-09,Premium
1010,UK,59,2025-10-14,Basic
1011,Canada,55,2025-08-05,Basic
1012,Japan,55,2023-07-21,Premium
1013,UK,45,2023-12-15,Standard
1014,Germany,35,2024-11-27,Basic
1015,USA,52,2023-05-04,Standard
1016,Brazil,22,2024-12-05,Basic
1017,Germany,25,2025-10-25,Standard
1018,Brazil,45,2023-11-16,Premium
1019,Germany,18,2025-08-14,Standard
1020,Germany,31,2023-12-26,Premium
1021,Brazil,29,2023-11-07,Standard
1022,Japan,28,2025-11-21,Premium
1023,Germany,46,2024-03-31,Basic
1024,India,33,2025-01-31,Premium
1025,Germany,35,2025-03-16,Basic
1026,UK,41,2023-08-14,Basic
1027,Japan,22,2025-02-23,Premium
1028,USA,55,2023-09-24,Basic
1029,Australia,48,2025-11-17,Standard
1030,Japan,35,2023-10-16,Premium
1031,UK,30,2024-11-10,Basic
1032,Australia,21,2023-03-29,Basic
1033,USA,26,2023-03-25,Premium
1034,Australia,50,2025-01-21,Basic
1035,Canada,25,2024-05-27,Basic
1036,Canada,39,2024-01-21,Standard
1037,UK,49,2023-09-23,Standard
1038,Japan,34,2024-11-12,Standard
1039,Japan,42,2025-12-05,Basic
1040,Brazil,58,2024-04-22,Premium
1041,Brazil,43,2025-10-09,Premium
1042,Japan,50,2025-02-22,Basic
1043,India,20,2025-06-18,Basic
1044,India,30,2024-09-03,Standard
1045,India,33,2023-06-01,Premium
1046,Australia,34,2024-07-25,Standard
1047,Canada,41,2025-07-22,Standard
1048,USA,25,2025-07-29,Basic
1049,UK,41,2024-10-24,Premium
1050,USA,39,2023-04-19,Premium
1051,Brazil,38,2024-06-13,Premium
1052,Brazil,28,2023-10-05,Basic
1053,Germany,23,2023-05-17,Basic
1054,USA,57,2025-12-14,Basic
1055,USA,27,2023-09-18,Premium
1056,Australia,21,2025-05-10,Premium
1057,USA,35,2024-11-27,Premium
1058,Germany,56,2025-04-01,Premium
1059,Australia,47,2024-01-22,Standard
1060,UK,59,2026-02-10,Basic
1061,Canada,27,2024-03-23,Standard
1062,UK,23,2024-03-12,Premium
1063,India,41,2024-11-09,Basic
1064,USA,38,2023-05-25,Standard
1065,UK,33,2024-07-28,Premium
1066,Germany,38,2024-05-10,Standard
1067,Brazil,19,2023-04-24,Basic
1068,Brazil,19,2025-04-02,Standard
1069,Canada,45,2023-07-18,Basic
1070,Germany,24,2024-05-04,Standard
1071,Canada,25,2023-03-18,Standard
1072,Germany,25,2023-04-04,Standard
1073,USA,29,2023-11-29,Basic
1074,USA,30,2025-10-18,Premium
1075,Japan,31,2023-05-08,Premium
1076,Canada,41,2025-06-10,Premium
1077,Brazil,23,2025-04-10,Basic
1078,Australia,31,2024-04-02,Premium
1079,Germany,25,2025-01-22,Basic
1080,Australia,43,2024-08-23,Standard
1081,USA,23,2024-09-02,Basic
1082,Germany,50,2023-03-27,Standard
1083,Japan,18,2023-10-31,Basic
1084,USA,34,2023-08-27,Premium
1085,Japan,35,2024-05-05,Standard
1086,Brazil,31,2023-07-07,Premium
1087,Canada,33,2023-08-12,Basic
1088,Australia,47,2023-09-16,Premium
1089,Germany,43,2025-01-22,Basic
1090,Australia,46,2025-06-21,Standard
1091,Canada,37,2024-04-18,Standard
1092,Canada,43,2025-07-02,Basic
1093,Japan,26,2026-02-26,Standard
1094,UK,18,2023-12-03,Basic
1095,India,47,2025-11-21,Premium
1096,UK,18,2025-09-08,Basic
1097,UK,43,2023-04-10,Basic
1098,Australia,34,2024-05-31,Premium
1099,Australia,27,2023-06-29,Basic
1100,Canada,28,2023-10-14,Premium
1101,Japan,38,2025-10-12,Standard
1102,Japan,45,2023-05-20,Standard
1103,India,45,2023-05-18,Basic
1104,Germany,29,2024-09-28,Standard
1105,USA,40,2024-02-27,Premium
1106,USA,45,2023-07-31,Basic
1107,Canada,51,2023-06-07,Standard
1108,India,34,2024-02-06,Premium
1109,Canada,51,2023-03-14,Basic
1110,India,37,2023-05-05,Premium
1111,Germany,35,2024-05-22,Standard
1112,India,31,2024-04-10,Premium
1113,India,24,2024-08-31,Premium
1114,India,27,2024-09-20,Basic
1115,Australia,49,2025-01-16,Standard
1116,Brazil,50,2026-01-05,Basic
1117,USA,26,2026-02-26,Standard
1118,Australia,28,2025-10-10,Basic
1119,Brazil,38,2024-05-23,Premium
1120,Japan,19,2023-09-16,Basic
1121,Germany,57,2024-08-12,Standard
1122,India,38,2024-10-23,Standard
1123,India,18,2024-08-09,Basic
1124,India,58,2023-06-12,Basic
1125,Australia,48,2024-01-24,Standard
1126,UK,42,2024-11-07,Premium
1127,Australia,45,2023-07-13,Basic
1128,Canada,18,2024-12-25,Premium
1129,Japan,51,2025-12-29,Premium
1130,Brazil,26,2023-11-01,Standard
1131,USA,22,2024-10-20,Basic
1132,Australia,54,2025-10-30,Standard
1133,UK,43,2023-08-02,Standard
1134,Australia,56,2025-02-12,Premium
1135,Canada,18,2024-01-07,Basic
1136,UK,55,2025-04-18,Basic
1137,USA,42,2024-05-11,Standard
1138,Brazil,52,2025-10-06,Standard
1139,UK,38,2025-03-24,Standard
1140,Brazil,30,2025-07-07,Basic
1141,UK,56,2024-12-28,Premium
1142,Canada,24,2025-07-05,Premium
1143,Japan,38,2026-01-26,Premium
1144,Japan,22,2024-06-10,Basic
1145,Canada,44,2024-09-27,Standard
1146,USA,40,2025-08-15,Premium
1147,Australia,40,2025-12-20,Standard
1148,Germany,28,2023-04-28,Standard
1149,Japan,18,2025-03-09,Standard
1150,Germany,29,2024-03-08,Basic
1151,UK,28,2023-03-24,Standard
1152,Brazil,47,2023-11-28,Premium
1153,India,48,2026-02-04,Standard
1154,India,58,2023-11-03,Basic
1155,Canada,55,2023-05-17,Standard
1156,Brazil,38,2025-10-26,Standard
1157,Japan,53,2025-06-04,Premium
1158,Australia,46,2025-01-28,Premium
1159,Canada,34,2025-04-01,Basic
1160,Germany,37,2023-10-28,Premium
1161,UK,22,2023-07-26,Standard
1162,Brazil,46,2025-10-09,Standard
1163,Canada,28,2025-07-24,Premium
1164,Australia,24,2025-09-08,Basic
1165,India,36,2025-10-11,Premium
1166,Australia,56,2023-12-18,Standard
1167,Canada,21,2025-12-01,Premium
1168,USA,35,2024-11-11,Basic
1169,Brazil,26,2025-05-10,Basic
1170,Canada,50,2023-11-29,Standard
1171,UK,57,2024-06-29,Basic
1172,Canada,40,2025-06-24,Premium
1173,Canada,43,2024-10-07,Standard
1174,Germany,26,2024-09-10,Premium
1175,UK,48,2025-04-19,Premium
1176,Australia,23,2024-10-19,Standard
1177,UK,19,2025-03-31,Standard
1178,UK,40,2025-05-21,Standard
1179,USA,52,2023-09-12,Premium
1180,UK,37,2024-01-12,Premium
1181,India,25,2024-01-09,Premium
1182,Germany,58,2023-09-29,Premium
1183,UK,46,2023-08-19,Basic
1184,Brazil,33,2023-10-06,Standard
1185,India,35,2025-01-08,Basic
1186,Canada,31,2025-05-29,Premium
1187,India,32,2023-10-06,Basic
1188,Brazil,51,2025-09-08,Premium
1189,UK,59,2025-07-12,Basic
1190,Germany,57,2026-01-24,Basic
1191,USA,53,2025-12-14,Standard
1192,UK,35,2024-12-06,Basic
1193,USA,56,2024-12-26,Basic
1194,India,46,2025-04-30,Basic
1195,Australia,45,2024-06-15,Standard
1196,UK,42,2023-12-25,Standard
1197,Australia,19,2024-01-16,Standard
1198,Australia,53,2023-07-28,Premium
1199,India,27,2023-08-12,Premium
1200,Australia,18,2025-11-09,Basic
1201,UK,30,2024-02-16,Standard
1202,Germany,35,2023-07-05,Basic
1203,Japan,50,2025-02-16,Basic
1204,Brazil,24,2023-10-09,Standard
1205,USA,30,2025-06-25,Standard
1206,Germany,32,2025-11-18,Basic
1207,Germany,28,2024-07-21,Standard
1208,India,31,2024-06-03,Basic
1209,USA,46,2023-09-14,Basic
1210,Australia,43,2025-01-19,Standard
1211,UK,47,2024-10-06,Standard
1212,Japan,26,2025-02-02,Standard
1213,Canada,44,2025-07-16,Standard
1214,UK,48,2025-03-01,Basic
1215,Canada,42,2024-04-19,Standard
1216,Canada,58,2024-06-11,Basic
1217,Canada,26,2023-03-29,Basic
1218,Australia,23,2023-12-29,Premium
1219,USA,20,2025-06-30,Premium
1220,Germany,33,2026-03-01,Premium
1221,India,36,2025-03-04,Premium
1222,Germany,53,2025-05-08,Basic
1223,USA,48,2025-09-02,Standard
1224,USA,24,2023-04-03,Basic
1225,UK,58,2026-03-09,Basic
1226,Japan,59,2023-12-31,Standard
1227,Germany,32,2023-05-20,Standard
1228,Canada,50,2024-12-29,Premium
1229,Australia,34,2024-01-19,Standard
1230,Canada,44,2023-06-28,Premium
1231,Canada,31,2025-12-09,Basic
1232,Brazil,42,2024-04-02,Basic
1233,Japan,21,2023-10-24,Standard
1234,India,21,2025-02-01,Premium
1235,USA,34,2023-08-07,Basic
1236,India,49,2026-03-02,Basic
1237,Japan,22,2024-01-15,Standard
1238,Australia,48,2023-08-04,Standard
1239,USA,50,2024-02-24,Premium
1240,UK,25,2025-11-22,Premium
1241,USA,37,2026-01-15,Premium
1242,UK,49,2024-08-15,Basic
1243,UK,51,2024-10-28,Premium
1244,India,28,2024-12-01,Basic
1245,USA,55,2023-11-25,Standard
1246,Australia,22,2024-04-20,Basic
1247,Brazil,20,2024-05-19,Premium
1248,Japan,50,2024-11-24,Standard
1249,India,56,2024-12-02,Premium
1250,Germany,28,2023-12-26,Standard
1251,UK,28,2024-07-05,Premium
1252,Germany,37,2025-01-21,Premium
1253,Germany,47,2024-03-17,Basic
1254,Germany,23,2023-10-01,Standard
1255,Japan,24,2024-03-21,Premium
1256,Canada,26,2024-11-03,Standard
1257,UK,32,2025-01-26,Premium
1258,Canada,30,2025-01-12,Basic
1259,UK,32,2023-06-11,Premium
1260,USA,28,2024-08-13,Basic
1261,UK,22,2023-10-27,Premium
1262,Brazil,42,2024-02-01,Premium
1263,Canada,56,2025-10-16,Standard
1264,UK,26,2025-08-16,Premium
1265,India,18,2025-04-22,Standard
1266,India,22,2023-12-03,Standard
1267,Brazil,59,2023-06-27,Basic
1268,India,33,2026-02-16,Premium
1269,Germany,41,2023-09-30,Basic
1270,Australia,20,2026-02-08,Basic
1271,Japan,18,2025-01-06,Standard
1272,Canada,38,2024-08-18,Premium
1273,USA,23,2023-11-08,Basic
1274,Canada,58,2024-01-20,Premium
1275,USA,43,2023-09-04,Premium
1276,Canada,49,2026-02-01,Premium
1277,Japan,38,2026-01-30,Standard
1278,Brazil,49,2024-06-16,Premium
1279,India,37,2025-05-19,Basic
1280,Brazil,56,2025-02-21,Premium
1281,USA,27,2025-08-31,Basic
1282,UK,54,2024-08-01,Premium
1283,Australia,39,2023-09-12,Basic
1284,Australia,56,2023-05-17,Standard
1285,Australia,19,2023-09-14,Premium
1286,UK,27,2024-02-26,Premium
1287,USA,36,2024-09-03,Premium
1288,India,54,2024-04-13,Premium
1289,USA,57,2025-10-10,Standard
1290,Australia,48,2024-07-29,Premium
1291,Japan,26,2025-02-25,Standard
1292,Germany,50,2024-11-24,Standard
1293,India,22,2023-10-03,Standard
1294,Canada,59,2025-02-13,Basic
1295,Canada,38,2025-10-05,Standard
1296,UK,53,2023-07-28,Premium
1297,Brazil,26,2023-05-11,Standard
1298,USA,51,2023-06-19,Standard
1299,Japan,42,2023-06-08,Premium
1300,Brazil,23,2025-12-20,Premium
1301,Canada,51,2024-04-18,Standard
1302,Japan,25,2023-12-14,Basic
1303,UK,22,2025-09-29,Basic
1304,Germany,23,2025-08-27,Premium
1305,Japan,35,2023-06-25,Premium
1306,UK,56,2023-04-17,Standard
1307,Japan,33,2024-10-03,Premium
1308,India,26,2025-03-10,Standard
1309,Australia,38,2024-12-03,Standard
1310,Japan,47,2023-06-21,Basic
1311,Japan,49,2023-08-10,Basic
1312,USA,20,2025-11-08,Premium
1313,Japan,23,2024-03-07,Premium
1314,Canada,28,2024-10-08,Standard
1315,Canada,48,2024-10-18,Premium
1316,Brazil,58,2026-01-29,Standard
1317,Australia,26,2025-02-21,Premium
1318,USA,21,2025-10-15,Premium
1319,Brazil,37,2025-12-02,Basic
1320,Brazil,59,2023-11-12,Premium
1321,Australia,56,2025-05-15,Premium
1322,Brazil,51,2023-09-11,Premium
1323,Germany,46,2025-08-20,Premium
1324,Japan,34,2024-08-13,Premium
1325,Australia,53,2023-05-10,Basic
1326,UK,38,2023-12-11,Standard
1327,Germany,31,2023-06-10,Basic
1328,Australia,41,2023-06-23,Premium
1329,Australia,42,2024-06-19,Basic
1330,Canada,56,2024-10-23,Basic
1331,Japan,32,2026-01-28,Basic
1332,Canada,56,2024-11-05,Standard
1333,Germany,41,2024-04-23,Basic
1334,Germany,45,2024-04-08,Premium
1335,USA,20,2024-09-21,Premium
1336,Brazil,34,2024-03-30,Premium
1337,UK,26,2024-06-19,Standard
1338,UK,22,2024-03-11,Standard
1339,Brazil,53,2024-06-09,Basic
1340,Germany,24,2025-10-25,Premium
1341,Australia,30,2024-05-11,Standard
1342,Japan,49,2025-12-07,Standard
1343,India,24,2025-03-06,Premium
1344,India,60,2023-08-06,Basic
1345,Australia,34,2024-09-06,Premium
1346,Brazil,45,2025-11-13,Premium
1347,Japan,59,2025-02-04,Standard
1348,Australia,36,2025-04-16,Standard
1349,Brazil,26,2025-07-21,Standard
1350,Australia,56,2023-06-16,Basic
1351,Canada,21,2025-04-27,Standard
1352,Japan,56,2023-10-23,Standard
1353,India,32,2024-07-19,Standard
1354,Australia,52,2025-09-11,Premium
1355,USA,20,2023-12-10,Basic
1356,Brazil,35,2025-10-13,Basic
1357,Brazil,47,2024-08-04,Standard
1358,UK,29,2025-06-08,Basic
1359,India,41,2026-01-06,Basic
1360,Australia,35,2023-10-22,Premium
1361,Australia,53,2025-05-24,Standard
1362,Canada,29,2025-10-06,Basic
1363,Germany,33,2025-01-29,Premium
1364,Japan,59,2024-02-11,Basic
1365,USA,35,2024-03-07,Premium
1366,India,37,2026-02-25,Basic
1367,Brazil,30,2024-05-17,Standard
1368,Australia,39,2025-09-28,Premium
1369,UK,37,2025-03-18,Premium
1370,Australia,35,2024-10-30,Basic
1371,UK,52,2024-07-23,Standard
1372,UK,41,2025-02-18,Premium
1373,Canada,59,2025-09-07,Premium
1374,Japan,46,2025-09-30,Basic
1375,UK,36,2025-02-28,Premium
1376,Brazil,25,2025-07-01,Standard
1377,USA,51,2025-08-13,Standard
1378,Canada,23,2025-04-13,Standard
1379,UK,40,2024-03-22,Premium
1380,UK,42,2024-02-08,Standard
1381,Australia,50,2026-01-21,Basic
1382,Japan,46,2026-01-20,Basic
1383,Japan,31,2024-02-21,Basic
1384,Japan,48,2025-03-24,Standard
1385,Germany,27,2026-01-09,Basic
1386,Australia,42,2026-02-13,Basic
1387,Canada,25,2025-11-12,Standard
1388,Australia,18,2025-11-23,Premium
1389,Australia,33,2024-10-21,Standard
1390,USA,18,2025-03-07,Standard
1391,UK,49,2024-09-03,Basic
1392,Germany,18,2024-02-05,Basic
1393,Japan,20,2023-08-19,Basic
1394,UK,40,2025-10-19,Standard
1395,UK,50,2025-07-20,Standard
1396,USA,59,2024-08-29,Premium
1397,India,47,2023-11-28,Standard
1398,Canada,35,2024-02-23,Premium
1399,USA,23,2025-12-07,Premium
1400,Brazil,28,2025-05-15,Standard
1401,Australia,30,2025-07-11,Basic
1402,Germany,30,2024-12-06,Premium
1403,Australia,23,2024-12-26,Standard
1404,Canada,39,2023-10-20,Basic
1405,Japan,58,2024-01-29,Basic
1406,India,30,2023-04-26,Basic
1407,Japan,29,2024-10-10,Basic
1408,Germany,29,2024-04-10,Premium
1409,Canada,37,2025-12-11,Basic
1410,Germany,21,2023-11-24,Basic
1411,Australia,52,2026-02-16,Premium
1412,Canada,22,2024-05-24,Premium
1413,UK,54,2025-01-20,Standard
1414,India,45,2026-02-22,Standard
1415,Canada,31,2024-06-13,Premium
1416,Japan,55,2024-05-26,Basic
1417,India,56,2024-09-22,Basic
1418,Canada,53,2023-12-18,Basic
1419,Canada,59,2025-11-07,Basic
1420,Germany,27,2024-07-01,Standard
1421,Canada,30,2025-03-02,Standard
1422,UK,56,2023-11-04,Premium
1423,Brazil,25,2025-09-12,Premium
1424,Australia,24,2024-02-29,Standard
1425,Germany,49,2025-04-14,Basic
1426,USA,37,2024-10-01,Standard
1427,Brazil,25,2024-08-28,Standard
1428,Brazil,59,2024-09-10,Basic
1429,Japan,44,2025-01-28,Basic
1430,Germany,50,2023-06-14,Basic
1431,Australia,60,2024-07-01,Standard
1432,USA,31,2025-01-06,Standard
1433,India,46,2024-09-01,Premium
1434,Canada,59,2026-01-19,Standard
1435,USA,24,2024-08-27,Basic
1436,Germany,22,2023-11-27,Premium
1437,Japan,56,2023-08-01,Premium
1438,Japan,34,2023-10-06,Standard
1439,Brazil,39,2025-11-25,Premium
1440,USA,51,2025-08-26,Standard
1441,India,29,2026-02-05,Standard
1442,UK,24,2025-05-25,Basic
1443,India,36,2024-04-22,Basic
1444,Canada,59,2024-07-14,Premium
1445,Australia,19,2025-05-09,Premium
1446,USA,42,2025-02-17,Premium
1447,Australia,22,2023-06-22,Premium
1448,Japan,39,2025-02-14,Premium
1449,Germany,46,2023-08-29,Basic
1450,Germany,24,2023-04-29,Basic
1451,USA,24,2024-07-07,Premium
1452,India,60,2024-07-29,Premium
1453,Canada,54,2024-04-04,Basic
1454,India,42,2025-11-03,Basic
1455,Japan,44,2024-03-18,Basic
1456,Australia,53,2023-05-02,Basic
1457,Japan,25,2025-04-20,Standard
1458,Australia,57,2023-09-27,Basic
1459,Canada,20,2023-10-02,Premium
1460,Canada,39,2023-04-11,Standard
1461,Canada,32,2023-11-16,Premium
1462,India,45,2024-07-16,Premium
1463,Germany,32,2023-06-06,Standard
1464,Japan,30,2024-03-26,Basic
1465,Australia,30,2024-12-12,Premium
1466,USA,53,2024-11-05,Premium
1467,Brazil,35,2025-12-01,Premium
1468,USA,40,2025-07-30,Standard
1469,Canada,55,2024-04-06,Standard
1470,UK,55,2025-10-17,Premium
1471,Germany,35,2025-01-17,Premium
1472,Japan,26,2024-02-29,Premium
1473,Australia,51,2025-09-02,Premium
1474,Japan,58,2023-05-22,Basic
1475,UK,60,2025-12-05,Basic
1476,India,58,2025-11-03,Basic
1477,India,18,2025-11-18,Standard
1478,USA,59,2025-06-17,Premium
1479,USA,52,2023-10-04,Standard
1480,Brazil,40,2026-01-07,Basic
1481,UK,48,2026-01-09,Standard
1482,Brazil,22,2024-08-29,Standard
1483,UK,30,2023-06-21,Standard
1484,UK,25,2026-02-09,Basic
1485,Japan,50,2023-08-31,Standard
1486,UK,55,2024-05-30,Standard
1487,Canada,39,2025-06-20,Basic
1488,USA,51,2024-10-12,Standard
1489,Brazil,53,2024-07-26,Premium
1490,USA,26,2024-02-01,Premium
1491,India,43,2024-07-17,Standard
1492,Germany,24,2024-03-10,Basic
1493,UK,24,2023-04-16,Standard
1494,Japan,22,2026-02-17,Basic
1495,UK,29,2025-12-24,Premium
1496,Japan,59,2023-08-15,Standard
1497,Germany,42,2026-02-16,Basic
1498,Germany,49,2025-03-08,Premium
1499,UK,40,2024-04-25,Basic
1500,India,57,2023-08-17,Premium
1501,Germany,32,2024-04-20,Basic
1502,India,47,2025-08-15,Premium
1503,Canada,52,2024-08-07,Basic
1504,Brazil,43,2025-07-31,Premium
1505,UK,44,2023-10-05,Standard
1506,Brazil,18,2024-05-10,Standard
1507,Brazil,18,2025-09-20,Standard
1508,India,52,2024-03-17,Basic
1509,Japan,21,2023-09-12,Premium
1510,USA,52,2024-02-07,Basic
1511,India,48,2026-02-28,Basic
1512,Australia,40,2024-12-03,Standard
1513,USA,34,2025-09-06,Basic
1514,UK,43,2024-08-17,Basic
1515,Canada,60,2023-07-23,Standard
1516,UK,57,2024-10-24,Basic
1517,Japan,41,2024-05-01,Basic
1518,USA,19,2024-10-29,Basic
1519,Germany,59,2024-12-09,Basic
1520,Brazil,35,2024-11-13,Standard
1521,UK,26,2023-04-11,Basic
1522,Canada,20,2023-04-27,Standard
1523,USA,44,2024-02-17,Standard
1524,Australia,25,2025-10-09,Premium
1525,Australia,46,2023-10-06,Basic
1526,Australia,21,2023-08-22,Basic
1527,Australia,27,2023-04-17,Premium
1528,USA,59,2024-01-05,Standard
1529,Germany,41,2025-06-29,Premium
1530,UK,34,2024-03-04,Basic
1531,Brazil,18,2025-01-03,Premium
1532,Brazil,48,2023-10-20,Standard
1533,Brazil,60,2025-03-07,Standard
1534,Japan,45,2025-03-25,Standard
1535,Japan,29,2024-08-12,Basic
1536,India,31,2025-03-21,Standard
1537,Germany,59,2025-05-16,Premium
1538,India,40,2023-06-20,Standard
1539,UK,19,2023-11-03,Standard
1540,Germany,59,2023-06-11,Standard
1541,Australia,57,2024-02-02,Standard
1542,Canada,33,2024-06-02,Premium
1543,Japan,31,2025-06-07,Premium
1544,Australia,22,2024-01-16,Basic
1545,Brazil,27,2024-01-10,Premium
1546,USA,37,2025-07-31,Basic
1547,Brazil,20,2025-02-16,Standard
1548,Japan,50,2026-03-03,Basic
1549,Australia,37,2023-11-16,Premium
1550,Brazil,28,2025-07-28,Premium
1551,USA,28,2025-01-16,Premium
1552,Australia,48,2025-03-17,Premium
1553,USA,57,2025-06-02,Premium
1554,Australia,34,2026-02-17,Premium
1555,Germany,19,2025-10-04,Premium
1556,Germany,21,2023-07-10,Standard
1557,USA,38,2023-09-12,Standard
1558,UK,25,2025-02-08,Basic
1559,UK,47,2024-03-08,Premium
1560,UK,56,2023-12-27,Standard
1561,UK,22,2025-10-03,Premium
1562,UK,38,2025-03-29,Standard
1563,Australia,60,2025-07-31,Basic
1564,Brazil,36,2024-05-16,Standard
1565,India,46,2026-01-04,Standard
1566,Australia,31,2024-01-07,Premium
1567,USA,56,2025-11-04,Premium
1568,Canada,33,2025-11-23,Basic
1569,Australia,59,2024-08-05,Basic
1570,Japan,37,2023-12-21,Basic
1571,India,38,2023-07-18,Premium
1572,India,25,2023-12-31,Basic
1573,UK,33,2024-05-20,Standard
1574,Germany,48,2023-11-30,Standard
1575,UK,25,2024-03-30,Basic
1576,Brazil,25,2026-01-02,Premium
1577,USA,42,2024-12-14,Standard
1578,India,40,2024-01-14,Premium
1579,India,59,2023-12-12,Basic
1580,Canada,30,2024-05-21,Premium
1581,India,28,2024-10-04,Standard
1582,Brazil,21,2025-10-10,Standard
1583,UK,42,2024-10-09,Basic
1584,Australia,47,2024-05-10,Premium
1585,Germany,59,2023-10-20,Basic
1586,Brazil,26,2025-09-08,Premium
1587,Australia,59,2026-02-24,Basic
1588,Germany,33,2023-04-11,Basic
1589,Canada,58,2025-04-02,Premium
1590,India,55,2023-06-09,Premium
1591,Canada,54,2024-11-25,Standard
1592,USA,36,2023-07-14,Premium
1593,Australia,48,2025-05-04,Premium
1594,Brazil,49,2026-01-01,Premium
1595,Brazil,59,2025-06-22,Standard
1596,Canada,37,2025-09-17,Basic
1597,Brazil,33,2025-02-06,Basic
1598,Brazil,56,2025-07-15,Basic
1599,UK,25,2023-07-29,Premium
1600,Germany,38,2023-11-19,Premium
1601,USA,31,2023-11-30,Standard
1602,Japan,50,2024-05-18,Basic
1603,UK,37,2025-09-03,Standard
1604,Australia,52,2023-08-04,Basic
1605,Australia,48,2025-12-04,Standard
1606,Japan,47,2023-03-24,Standard
1607,Australia,27,2024-09-14,Premium
1608,Australia,33,2025-08-11,Premium
1609,Brazil,36,2023-12-02,Basic
1610,India,26,2023-05-16,Standard
1611,India,51,2023-11-04,Standard
1612,Canada,35,2024-03-16,Standard
1613,Japan,59,2024-07-14,Premium
1614,Brazil,60,2024-03-22,Standard
1615,UK,21,2026-02-10,Basic
1616,India,24,2023-11-18,Standard
1617,Japan,32,2023-09-19,Standard
1618,India,41,2025-08-15,Basic
1619,UK,39,2023-06-07,Standard
1620,Japan,54,2024-05-03,Standard
1621,Australia,49,2024-05-22,Premium
1622,Japan,54,2026-01-05,Standard
1623,Canada,46,2023-08-25,Premium
1624,India,54,2025-11-16,Premium
1625,Canada,49,2023-11-22,Standard
1626,Canada,40,2025-11-22,Standard
1627,India,24,2025-04-01,Basic
1628,UK,28,2023-09-14,Basic
1629,UK,36,2025-01-03,Basic
1630,USA,25,2025-12-25,Standard
1631,Australia,39,2023-08-25,Standard
1632,Canada,50,2023-12-29,Premium
1633,Australia,53,2024-01-01,Premium
1634,Japan,36,2023-05-30,Premium
1635,UK,56,2023-05-17,Basic
1636,USA,26,2024-10-05,Basic
1637,Japan,31,2026-02-20,Premium
1638,Japan,58,2023-04-28,Standard
1639,Japan,40,2024-05-25,Standard
1640,Brazil,43,2023-04-05,Premium
1641,India,36,2025-01-30,Premium
1642,India,19,2025-06-03,Standard
1643,Brazil,39,2023-12-06,Premium
1644,UK,20,2023-06-05,Basic
1645,Australia,48,2025-09-16,Standard
1646,Brazil,43,2024-08-09,Basic
1647,Brazil,60,2023-06-28,Standard
1648,India,19,2025-02-17,Premium
1649,Japan,46,2023-07-06,Basic
1650,UK,57,2025-01-05,Premium
1651,Australia,57,2025-07-25,Basic
1652,Canada,33,2025-02-09,Premium
1653,India,23,2025-05-12,Basic
1654,UK,37,2024-03-14,Standard
1655,India,57,2023-03-24,Basic
1656,Germany,29,2023-12-26,Standard
1657,USA,53,2023-06-08,Premium
1658,Japan,18,2025-01-02,Basic
1659,Japan,28,2023-11-28,Basic
1660,Canada,51,2024-11-25,Basic
1661,India,33,2024-04-21,Premium
1662,Australia,30,2025-06-29,Basic
1663,Canada,47,2024-01-13,Premium
1664,Canada,50,2025-02-01,Standard
1665,Canada,54,2024-08-08,Standard
1666,India,45,2023-12-30,Standard
1667,UK,30,2024-05-05,Premium
1668,Australia,20,2025-12-08,Basic
1669,Germany,44,2024-08-14,Premium
1670,Australia,32,2025-10-08,Standard
1671,Japan,36,2025-03-17,Basic
1672,Australia,49,2026-01-14,Basic
1673,India,46,2024-03-05,Basic
1674,UK,60,2024-06-17,Basic
1675,Canada,36,2024-12-26,Standard
1676,Australia,26,2023-08-25,Premium
1677,Australia,41,2025-03-31,Basic
1678,India,58,2024-11-19,Standard
1679,USA,60,2025-11-15,Basic
1680,Japan,53,2025-04-23,Premium
1681,Canada,54,2023-11-05,Standard
1682,UK,49,2023-12-03,Standard
1683,Brazil,48,2024-03-13,Basic
1684,UK,58,2023-09-14,Premium
1685,Canada,55,2023-08-26,Premium
1686,Japan,36,2023-05-23,Basic
1687,Japan,50,2024-10-15,Standard
1688,USA,25,2025-02-23,Premium
1689,Australia,51,2023-08-09,Standard
1690,Brazil,31,2024-08-20,Standard
1691,Canada,53,2024-07-26,Standard
1692,Japan,37,2023-04-06,Premium
1693,USA,54,2026-02-20,Premium
1694,USA,39,2023-06-15,Premium
1695,Brazil,32,2025-08-03,Premium
1696,USA,18,2024-04-03,Basic
1697,Canada,19,2024-08-30,Premium
1698,India,33,2024-01-21,Basic
1699,Canada,54,2024-07-27,Premium
1700,Japan,29,2024-04-16,Standard
1701,Canada,25,2023-04-29,Premium
1702,USA,45,2024-02-21,Basic
1703,Brazil,60,2024-03-03,Premium
1704,Australia,57,2024-02-23,Standard
1705,India,34,2024-10-07,Basic
1706,Germany,47,2025-09-16,Premium
1707,Australia,43,2024-09-22,Standard
1708,Brazil,24,2025-06-19,Premium
1709,USA,54,2023-03-26,Premium
1710,Canada,23,2023-08-20,Standard
1711,Brazil,39,2024-01-14,Basic
1712,UK,24,2024-09-20,Basic
1713,Australia,28,2024-03-05,Premium
1714,Canada,18,2024-03-01,Premium
1715,USA,60,2023-12-19,Premium
1716,UK,53,2025-10-19,Basic
1717,Canada,60,2023-03-25,Basic
1718,Australia,29,2023-09-05,Basic
1719,India,27,2025-06-29,Basic
1720,Canada,47,2023-12-13,Premium
1721,Canada,55,2025-10-25,Standard
1722,India,58,2024-08-29,Premium
1723,UK,46,2023-09-18,Standard
1724,Brazil,26,2024-12-04,Premium
1725,USA,58,2024-02-05,Standard
1726,Brazil,34,2023-12-11,Premium
1727,USA,36,2025-04-04,Premium
1728,Canada,56,2023-09-28,Basic
1729,USA,34,2024-12-23,Premium
1730,UK,39,2025-04-02,Basic
1731,USA,34,2025-07-03,Premium
1732,Germany,27,2024-04-04,Premium
1733,Australia,55,2023-10-03,Basic
1734,Brazil,30,2024-12-30,Premium
1735,India,19,2023-06-21,Premium
1736,India,50,2025-11-07,Basic
1737,Australia,56,2023-12-25,Basic
1738,Germany,27,2025-07-21,Standard
1739,Canada,58,2026-02-15,Standard
1740,India,59,2025-07-30,Premium
1741,Germany,35,2024-05-26,Basic
1742,Australia,58,2025-09-10,Standard
1743,Canada,58,2023-07-22,Standard
1744,USA,36,2024-02-18,Premium
1745,India,47,2024-07-30,Premium
1746,India,31,2024-01-27,Premium
1747,Canada,48,2024-03-05,Premium
1748,USA,47,2025-11-01,Standard
1749,UK,42,2024-09-18,Basic
1750,Brazil,49,2024-01-18,Standard
1751,Australia,45,2024-03-14,Standard
1752,UK,55,2024-07-08,Premium
1753,Australia,36,2024-02-08,Basic
1754,India,38,2024-06-24,Premium
1755,Brazil,19,2025-03-05,Standard
1756,Germany,25,2026-01-11,Basic
1757,Australia,51,2025-01-05,Basic
1758,USA,31,2023-04-22,Premium
1759,Germany,33,2023-06-26,Basic
1760,UK,60,2024-07-02,Basic
1761,Germany,49,2025-04-13,Standard
1762,Brazil,49,2025-10-23,Basic
1763,USA,58,2025-12-08,Basic
1764,UK,38,2024-07-10,Premium
1765,Australia,30,2023-04-04,Standard
1766,UK,59,2023-03-21,Premium
1767,Japan,47,2023-03-18,Premium
1768,UK,18,2024-11-04,Premium
1769,Brazil,32,2023-06-24,Basic
1770,Australia,31,2024-07-16,Premium
1771,Australia,51,2024-04-14,Premium
1772,USA,32,2023-03-28,Basic
1773,Canada,36,2026-02-24,Standard
1774,UK,53,2024-01-01,Basic
1775,Australia,31,2023-07-26,Basic
1776,UK,58,2026-02-14,Standard
1777,USA,59,2025-03-25,Standard
1778,India,52,2023-09-13,Standard
1779,Canada,43,2025-04-09,Basic
1780,Japan,34,2024-09-13,Premium
1781,Brazil,26,2024-04-16,Standard
1782,USA,51,2023-12-30,Standard
1783,Japan,32,2023-07-21,Basic
1784,USA,36,2023-10-02,Standard
1785,India,28,2026-03-02,Premium
1786,Japan,45,2024-09-06,Premium
1787,Canada,43,2025-01-29,Basic
1788,India,46,2024-10-28,Basic
1789,UK,41,2024-07-30,Premium
1790,Canada,18,2025-10-27,Premium
1791,Australia,58,2025-09-29,Basic
1792,UK,35,2025-11-30,Premium
1793,USA,30,2023-07-12,Standard
1794,Canada,39,2023-09-16,Premium
1795,USA,21,2023-08-28,Basic
1796,Japan,40,2024-08-10,Basic
1797,USA,53,2023-06-16,Standard
1798,Australia,37,2025-08-25,Premium
1799,Canada,47,2025-11-24,Premium
1800,Canada,59,2025-01-05,Basic
1801,Brazil,53,2024-09-12,Standard
1802,Japan,25,2023-12-18,Basic
1803,Australia,57,2023-05-27,Premium
1804,UK,45,2025-07-23,Standard
1805,Japan,52,2023-03-16,Basic
1806,USA,43,2023-03-16,Basic
1807,Germany,24,2023-07-04,Premium
1808,Japan,59,2023-12-25,Basic
1809,Canada,35,2024-09-19,Premium
1810,Japan,56,2023-08-04,Premium
1811,Germany,52,2023-08-15,Basic
1812,Brazil,27,2025-04-29,Standard
1813,Germany,24,2025-04-25,Standard
1814,Japan,60,2023-12-11,Premium
1815,UK,31,2025-08-25,Basic
1816,Canada,48,2025-05-06,Standard
1817,Canada,44,2023-09-05,Basic
1818,Canada,31,2025-09-11,Basic
1819,Germany,54,2023-10-30,Standard
1820,UK,46,2025-04-28,Premium
1821,Germany,60,2025-02-04,Basic
1822,UK,26,2025-02-03,Standard
1823,India,28,2025-10-21,Basic
1824,India,51,2024-01-05,Standard
1825,Australia,38,2023-12-06,Standard
1826,Canada,21,2025-09-23,Premium
1827,UK,41,2025-06-13,Basic
1828,Australia,57,2023-09-07,Standard
1829,UK,35,2023-08-21,Premium
1830,Canada,27,2025-02-06,Premium
1831,Brazil,40,2025-04-13,Standard
1832,Brazil,43,2024-10-20,Premium
1833,Germany,42,2025-04-05,Basic
1834,USA,27,2023-07-30,Premium
1835,Japan,49,2023-11-25,Basic
1836,Brazil,40,2024-06-03,Basic
1837,Brazil,33,2024-05-25,Standard
1838,Germany,22,2023-04-19,Premium
1839,Germany,36,2024-06-16,Premium
1840,Germany,30,2025-08-23,Basic
1841,USA,26,2023-11-10,Premium
1842,Japan,18,2024-03-06,Standard
1843,Canada,25,2023-04-03,Basic
1844,Canada,28,2024-02-04,Basic
1845,India,53,2024-10-24,Basic
1846,UK,21,2025-08-26,Basic
1847,USA,24,2026-02-19,Basic
1848,Australia,33,2025-05-06,Standard
1849,Australia,27,2024-05-15,Basic
1850,India,33,2024-03-12,Premium
1851,Germany,25,2025-08-01,Premium
1852,Germany,21,2025-08-17,Premium
1853,USA,40,2026-02-12,Premium
1854,UK,35,2024-06-03,Basic
1855,Japan,49,2024-08-28,Basic
1856,Germany,47,2025-02-07,Basic
1857,Australia,46,2025-11-27,Premium
1858,UK,18,2024-02-25,Basic
1859,Canada,49,2023-08-22,Premium
1860,Japan,46,2024-02-24,Basic
1861,Germany,18,2024-10-08,Basic
1862,India,37,2025-09-18,Standard
1863,Brazil,24,2025-06-13,Standard
1864,Germany,25,2023-11-28,Basic
1865,USA,28,2025-09-15,Standard
1866,Canada,20,2026-02-12,Premium
1867,Brazil,28,2026-01-12,Premium
1868,India,30,2023-10-31,Basic
1869,USA,18,2023-06-12,Basic
1870,Germany,43,2023-03-27,Basic
1871,Canada,56,2025-11-02,Standard
1872,Germany,21,2025-06-22,Premium
1873,Japan,21,2024-03-11,Basic
1874,Japan,26,2024-08-29,Premium
1875,India,43,2024-02-07,Standard
1876,USA,32,2025-12-05,Standard
1877,Canada,58,2025-05-23,Basic
1878,Brazil,43,2024-04-04,Premium
1879,Japan,29,2024-06-25,Standard
1880,Japan,49,2024-08-13,Standard
1881,Japan,24,2023-07-12,Premium
1882,Brazil,43,2024-10-21,Premium
1883,Brazil,26,2025-06-29,Standard
1884,India,48,2025-05-02,Standard
1885,Canada,19,2024-04-23,Basic
1886,Germany,44,2024-03-01,Standard
1887,Australia,50,2024-02-16,Basic
1888,India,18,2025-08-18,Standard
1889,UK,48,2023-06-05,Premium
1890,USA,34,2024-09-26,Premium
1891,Brazil,36,2025-09-01,Premium
1892,UK,40,2025-10-26,Premium
1893,Brazil,49,2024-01-15,Standard
1894,India,46,2024-06-23,Basic
1895,Japan,39,2023-12-30,Basic
1896,Japan,34,2025-08-16,Basic
1897,Canada,34,2024-03-20,Standard
1898,UK,58,2023-05-28,Basic
1899,USA,58,2024-09-06,Premium
1900,Australia,53,2023-04-23,Premium
1901,India,30,2025-04-23,Basic
1902,Brazil,50,2024-09-28,Basic
1903,USA,46,2024-02-15,Basic
1904,Brazil,54,2023-08-11,Standard
1905,Germany,60,2023-07-30,Premium
1906,USA,21,2025-05-23,Premium
1907,UK,53,2024-06-27,Standard
1908,Japan,56,2026-02-08,Basic
1909,Australia,46,2025-12-29,Premium
1910,Canada,43,2025-11-08,Standard
1911,Australia,42,2025-09-25,Premium
1912,Canada,25,2023-07-13,Standard
1913,Japan,29,2023-08-10,Standard
1914,Canada,43,2024-07-27,Basic
1915,India,24,2023-10-09,Premium
1916,India,46,2023-09-23,Basic
1917,India,20,2024-01-08,Standard
1918,India,48,2024-08-17,Basic
1919,Australia,53,2024-08-26,Basic
1920,Australia,43,2025-08-01,Standard
1921,USA,23,2023-08-24,Premium
1922,Japan,39,2023-07-24,Premium
1923,UK,39,2025-06-19,Basic
1924,UK,36,2024-11-05,Premium
1925,Brazil,40,2026-02-21,Premium
1926,India,27,2023-04-23,Premium
1927,Japan,56,2025-09-07,Premium
1928,Japan,23,2024-02-12,Premium
1929,Australia,60,2025-04-19,Premium
1930,USA,34,2024-10-09,Basic
1931,Brazil,26,2025-11-18,Basic
1932,Canada,40,2024-06-15,Premium
1933,Australia,33,2025-09-30,Basic
1934,Australia,52,2025-04-25,Premium
1935,USA,54,2024-07-06,Basic
1936,India,52,2024-10-02,Premium
1937,Germany,19,2024-11-09,Standard
1938,Australia,40,2024-06-23,Basic
1939,USA,24,2024-09-03,Standard
1940,USA,54,2025-01-19,Basic
1941,Australia,32,2024-02-10,Premium
1942,Japan,32,2023-12-21,Standard
1943,UK,44,2024-09-11,Premium
1944,USA,54,2025-02-02,Basic
1945,USA,34,2023-12-15,Premium
1946,UK,23,2024-01-08,Premium
1947,USA,33,2023-05-09,Basic
1948,India,49,2023-10-23,Basic
1949,UK,36,2025-04-07,Basic
1950,Australia,27,2024-08-14,Standard
1951,UK,51,2024-08-22,Basic
1952,Japan,46,2025-10-27,Premium
1953,USA,29,2023-06-19,Premium
1954,UK,60,2024-08-07,Premium
1955,Germany,35,2023-04-29,Standard
1956,Japan,24,2024-12-27,Basic
1957,USA,19,2024-02-05,Basic
1958,UK,51,2024-01-22,Standard
1959,UK,41,2025-05-08,Basic
1960,Japan,55,2024-12-27,Premium
1961,Australia,38,2024-06-20,Basic
1962,Brazil,42,2024-07-15,Premium
1963,India,31,2023-05-11,Standard
1964,USA,20,2025-07-03,Premium
1965,Australia,58,2024-04-29,Basic
1966,Japan,27,2025-08-29,Basic
1967,USA,49,2024-10-01,Premium
1968,Australia,54,2025-04-21,Premium
1969,Canada,26,2025-10-23,Basic
1970,UK,51,2025-08-13,Premium
1971,Japan,47,2023-06-23,Basic
1972,USA,23,2024-02-13,Premium
1973,India,57,2025-09-03,Basic
1974,Canada,55,2025-06-01,Standard
1975,Germany,22,2024-01-12,Basic
1976,Germany,46,2023-11-18,Basic
1977,USA,43,2026-02-11,Standard
1978,Germany,57,2026-03-04,Standard
1979,India,23,2023-07-18,Premium
1980,USA,31,2023-10-22,Premium
1981,UK,21,2023-05-03,Basic
1982,Germany,31,2023-03-13,Basic
1983,Canada,30,2023-07-11,Standard
1984,Brazil,25,2024-01-03,Basic
1985,Germany,41,2025-01-16,Standard
1986,Japan,49,2024-05-05,Basic
1987,Australia,50,2023-09-23,Basic
1988,USA,57,2023-07-20,Basic
1989,Canada,54,2024-11-16,Premium
1990,Japan,44,2024-05-21,Standard
1991,Japan,53,2023-10-31,Standard
1992,Japan,23,2025-03-24,Basic
1993,India,35,2023-10-27,Standard
1994,Japan,44,2023-10-10,Basic
1995,Japan,37,2023-04-14,Premium
1996,Brazil,59,2025-04-30,Basic
1997,Australia,46,2025-10-04,Premium
1998,Germany,21,2025-11-09,Premium
1999,Australia,21,2026-02-08,Basic
2000,Australia,29,2023-11-30,Standard
